"","dataset","index"
"1","openml_dataset_56",2
"2","openml_dataset_56",4
"3","openml_dataset_56",5
"4","openml_dataset_56",7
"5","openml_dataset_56",8
"6","openml_dataset_56",10
"7","openml_dataset_56",11
"8","openml_dataset_56",13
"9","openml_dataset_56",14
"10","openml_dataset_56",16
"11","openml_dataset_56",19
"12","openml_dataset_56",20
"13","openml_dataset_56",21
"14","openml_dataset_56",22
"15","openml_dataset_56",23
"16","openml_dataset_56",24
"17","openml_dataset_56",25
"18","openml_dataset_56",26
"19","openml_dataset_56",27
"20","openml_dataset_56",28
"21","openml_dataset_56",29
"22","openml_dataset_56",30
"23","openml_dataset_56",31
"24","openml_dataset_56",32
"25","openml_dataset_56",33
"26","openml_dataset_56",34
"27","openml_dataset_56",35
"28","openml_dataset_56",36
"29","openml_dataset_56",39
"30","openml_dataset_56",40
"31","openml_dataset_56",41
"32","openml_dataset_56",42
"33","openml_dataset_56",43
"34","openml_dataset_56",45
"35","openml_dataset_56",48
"36","openml_dataset_56",50
"37","openml_dataset_56",51
"38","openml_dataset_56",52
"39","openml_dataset_56",53
"40","openml_dataset_56",54
"41","openml_dataset_56",55
"42","openml_dataset_56",57
"43","openml_dataset_56",61
"44","openml_dataset_56",63
"45","openml_dataset_56",64
"46","openml_dataset_56",66
"47","openml_dataset_56",67
"48","openml_dataset_56",69
"49","openml_dataset_56",72
"50","openml_dataset_56",73
"51","openml_dataset_56",74
"52","openml_dataset_56",76
"53","openml_dataset_56",77
"54","openml_dataset_56",78
"55","openml_dataset_56",80
"56","openml_dataset_56",81
"57","openml_dataset_56",82
"58","openml_dataset_56",83
"59","openml_dataset_56",84
"60","openml_dataset_56",85
"61","openml_dataset_56",86
"62","openml_dataset_56",87
"63","openml_dataset_56",89
"64","openml_dataset_56",90
"65","openml_dataset_56",91
"66","openml_dataset_56",92
"67","openml_dataset_56",93
"68","openml_dataset_56",94
"69","openml_dataset_56",96
"70","openml_dataset_56",98
"71","openml_dataset_56",101
"72","openml_dataset_56",102
"73","openml_dataset_56",104
"74","openml_dataset_56",105
"75","openml_dataset_56",106
"76","openml_dataset_56",107
"77","openml_dataset_56",109
"78","openml_dataset_56",110
"79","openml_dataset_56",111
"80","openml_dataset_56",112
"81","openml_dataset_56",113
"82","openml_dataset_56",114
"83","openml_dataset_56",115
"84","openml_dataset_56",116
"85","openml_dataset_56",117
"86","openml_dataset_56",118
"87","openml_dataset_56",119
"88","openml_dataset_56",120
"89","openml_dataset_56",121
"90","openml_dataset_56",122
"91","openml_dataset_56",125
"92","openml_dataset_56",126
"93","openml_dataset_56",127
"94","openml_dataset_56",128
"95","openml_dataset_56",129
"96","openml_dataset_56",130
"97","openml_dataset_56",133
"98","openml_dataset_56",134
"99","openml_dataset_56",135
"100","openml_dataset_56",136
"101","openml_dataset_56",137
"102","openml_dataset_56",140
"103","openml_dataset_56",141
"104","openml_dataset_56",142
"105","openml_dataset_56",143
"106","openml_dataset_56",144
"107","openml_dataset_56",145
"108","openml_dataset_56",146
"109","openml_dataset_56",147
"110","openml_dataset_56",148
"111","openml_dataset_56",149
"112","openml_dataset_56",151
"113","openml_dataset_56",152
"114","openml_dataset_56",153
"115","openml_dataset_56",154
"116","openml_dataset_56",155
"117","openml_dataset_56",157
"118","openml_dataset_56",158
"119","openml_dataset_56",159
"120","openml_dataset_56",160
"121","openml_dataset_56",161
"122","openml_dataset_56",163
"123","openml_dataset_56",164
"124","openml_dataset_56",165
"125","openml_dataset_56",166
"126","openml_dataset_56",167
"127","openml_dataset_56",168
"128","openml_dataset_56",170
"129","openml_dataset_56",171
"130","openml_dataset_56",172
"131","openml_dataset_56",173
"132","openml_dataset_56",174
"133","openml_dataset_56",176
"134","openml_dataset_56",177
"135","openml_dataset_56",178
"136","openml_dataset_56",179
"137","openml_dataset_56",181
"138","openml_dataset_56",182
"139","openml_dataset_56",184
"140","openml_dataset_56",185
"141","openml_dataset_56",186
"142","openml_dataset_56",187
"143","openml_dataset_56",188
"144","openml_dataset_56",189
"145","openml_dataset_56",191
"146","openml_dataset_56",192
"147","openml_dataset_56",193
"148","openml_dataset_56",194
"149","openml_dataset_56",195
"150","openml_dataset_56",196
"151","openml_dataset_56",197
"152","openml_dataset_56",198
"153","openml_dataset_56",199
"154","openml_dataset_56",200
"155","openml_dataset_56",201
"156","openml_dataset_56",202
"157","openml_dataset_56",205
"158","openml_dataset_56",206
"159","openml_dataset_56",209
"160","openml_dataset_56",210
"161","openml_dataset_56",211
"162","openml_dataset_56",212
"163","openml_dataset_56",213
"164","openml_dataset_56",214
"165","openml_dataset_56",215
"166","openml_dataset_56",216
"167","openml_dataset_56",217
"168","openml_dataset_56",218
"169","openml_dataset_56",220
"170","openml_dataset_56",222
"171","openml_dataset_56",223
"172","openml_dataset_56",224
"173","openml_dataset_56",225
"174","openml_dataset_56",226
"175","openml_dataset_56",227
"176","openml_dataset_56",229
"177","openml_dataset_56",231
"178","openml_dataset_56",232
"179","openml_dataset_56",234
"180","openml_dataset_56",235
"181","openml_dataset_56",236
"182","openml_dataset_56",238
"183","openml_dataset_56",239
"184","openml_dataset_56",240
"185","openml_dataset_56",243
"186","openml_dataset_56",244
"187","openml_dataset_56",246
"188","openml_dataset_56",248
"189","openml_dataset_56",249
"190","openml_dataset_56",250
"191","openml_dataset_56",251
"192","openml_dataset_56",252
"193","openml_dataset_56",253
"194","openml_dataset_56",254
"195","openml_dataset_56",255
"196","openml_dataset_56",256
"197","openml_dataset_56",257
"198","openml_dataset_56",258
"199","openml_dataset_56",260
"200","openml_dataset_56",261
"201","openml_dataset_56",262
"202","openml_dataset_56",263
"203","openml_dataset_56",264
"204","openml_dataset_56",265
"205","openml_dataset_56",267
"206","openml_dataset_56",268
"207","openml_dataset_56",270
"208","openml_dataset_56",271
"209","openml_dataset_56",272
"210","openml_dataset_56",273
"211","openml_dataset_56",274
"212","openml_dataset_56",275
"213","openml_dataset_56",276
"214","openml_dataset_56",277
"215","openml_dataset_56",278
"216","openml_dataset_56",279
"217","openml_dataset_56",280
"218","openml_dataset_56",281
"219","openml_dataset_56",282
"220","openml_dataset_56",283
"221","openml_dataset_56",284
"222","openml_dataset_56",285
"223","openml_dataset_56",286
"224","openml_dataset_56",287
"225","openml_dataset_56",288
"226","openml_dataset_56",289
"227","openml_dataset_56",290
"228","openml_dataset_56",291
"229","openml_dataset_56",292
"230","openml_dataset_56",293
"231","openml_dataset_56",294
"232","openml_dataset_56",295
"233","openml_dataset_56",297
"234","openml_dataset_56",299
"235","openml_dataset_56",300
"236","openml_dataset_56",301
"237","openml_dataset_56",302
"238","openml_dataset_56",303
"239","openml_dataset_56",305
"240","openml_dataset_56",306
"241","openml_dataset_56",307
"242","openml_dataset_56",308
"243","openml_dataset_56",309
"244","openml_dataset_56",310
"245","openml_dataset_56",311
"246","openml_dataset_56",312
"247","openml_dataset_56",313
"248","openml_dataset_56",315
"249","openml_dataset_56",316
"250","openml_dataset_56",317
"251","openml_dataset_56",318
"252","openml_dataset_56",319
"253","openml_dataset_56",320
"254","openml_dataset_56",321
"255","openml_dataset_56",322
"256","openml_dataset_56",323
"257","openml_dataset_56",324
"258","openml_dataset_56",326
"259","openml_dataset_56",327
"260","openml_dataset_56",328
"261","openml_dataset_56",330
"262","openml_dataset_56",331
"263","openml_dataset_56",332
"264","openml_dataset_56",333
"265","openml_dataset_56",334
"266","openml_dataset_56",335
"267","openml_dataset_56",336
"268","openml_dataset_56",337
"269","openml_dataset_56",339
"270","openml_dataset_56",340
"271","openml_dataset_56",341
"272","openml_dataset_56",342
"273","openml_dataset_56",343
"274","openml_dataset_56",344
"275","openml_dataset_56",346
"276","openml_dataset_56",347
"277","openml_dataset_56",348
"278","openml_dataset_56",349
"279","openml_dataset_56",350
"280","openml_dataset_56",351
"281","openml_dataset_56",353
"282","openml_dataset_56",355
"283","openml_dataset_56",356
"284","openml_dataset_56",357
"285","openml_dataset_56",358
"286","openml_dataset_56",359
"287","openml_dataset_56",360
"288","openml_dataset_56",362
"289","openml_dataset_56",363
"290","openml_dataset_56",364
"291","openml_dataset_56",365
"292","openml_dataset_56",366
"293","openml_dataset_56",367
"294","openml_dataset_56",369
"295","openml_dataset_56",370
"296","openml_dataset_56",371
"297","openml_dataset_56",373
"298","openml_dataset_56",374
"299","openml_dataset_56",375
"300","openml_dataset_56",376
"301","openml_dataset_56",377
"302","openml_dataset_56",378
"303","openml_dataset_56",379
"304","openml_dataset_56",380
"305","openml_dataset_56",382
"306","openml_dataset_56",384
"307","openml_dataset_56",385
"308","openml_dataset_56",386
"309","openml_dataset_56",388
"310","openml_dataset_56",389
"311","openml_dataset_56",390
"312","openml_dataset_56",391
"313","openml_dataset_56",392
"314","openml_dataset_56",393
"315","openml_dataset_56",394
"316","openml_dataset_56",395
"317","openml_dataset_56",396
"318","openml_dataset_56",397
"319","openml_dataset_56",398
"320","openml_dataset_56",399
"321","openml_dataset_56",400
"322","openml_dataset_56",403
"323","openml_dataset_56",404
"324","openml_dataset_56",405
"325","openml_dataset_56",406
"326","openml_dataset_56",407
"327","openml_dataset_56",409
"328","openml_dataset_56",411
"329","openml_dataset_56",412
"330","openml_dataset_56",413
"331","openml_dataset_56",414
"332","openml_dataset_56",415
"333","openml_dataset_56",416
"334","openml_dataset_56",417
"335","openml_dataset_56",418
"336","openml_dataset_56",421
"337","openml_dataset_56",422
"338","openml_dataset_56",423
"339","openml_dataset_56",425
"340","openml_dataset_56",426
"341","openml_dataset_56",427
"342","openml_dataset_56",428
"343","openml_dataset_56",429
"344","openml_dataset_56",430
"345","openml_dataset_56",432
"346","openml_dataset_56",433
"347","openml_dataset_56",434
"348","openml_dataset_56",435
